Nr.,Beschreibung,Beschreibung 2,Länge,Breite,Höhe,Qualität,Seite
01.019,215 x 155 x 135 mm / 1.2 B,Automatikboden-Aufrichtekarton,215.0,155.0,135.0,1.2 B,14
01.02,360 x 220 x 150 mm / 1.3 B,Wellpapp-Faltkarton,360.0,220.0,150.0,1.3 B,14
01.020,320 x 215 x 100 mm / 1.3 B,Automatikboden-Aufrichtekarton,320.0,215.0,100.0,1.3 B,14
01.025,250 x 210 x 120 mm / 1.3 B,Wellpapp-Stanzkarton braun,250.0,210.0,120.0,1.3 B,14
01.100,320 x 150 x 60 mm / 1.4 C,Wellpapp-Faltkarton,320.0,150.0,60.0,1.4 C,14
01.1001379,328 x 212 x 212 mm / 1.20 C,Wellpapp-Faltkarton,328.0,212.0,212.0,1.20 C,15
01.1007436,370 x 365 x 223 mm / 1.20 C,Wellpapp-Faltkarton,370.0,365.0,223.0,1.20 C,
01.101,850 x 300 x 130 mm / 2.4 BC,Wellpapp-Faltkarton Nr. 10,850.0,300.0,130.0,2.4 BC,18
01.103,402 x 255 x 250 mm / 1.1 B,Wellpapp-Faltkarton,402.0,255.0,250.0,1.1 B,15
01.104,150 x 100 x 100 mm / 1.2 B,Wellpapp-Faltkarton,150.0,100.0,100.0,1.2 B,13
01.105,150 x 150 x 1250 mm / 1.3 B,Wellpapp-Faltkarton,150.0,150.0,1250.0,1.3 B,13
01.106,200 x 200 x 200 mm / 1.2 B,Wellpapp-Faltkarton,200.0,200.0,200.0,1.2 B,13
01.1068139,370 x 370 x 350 mm / 2.30 BC,Wellpapp-Faltkarton,370.0,370.0,350.0,2.30 BC,
01.107,250 x 250 x 250 mm / 1.2 B,Wellpapp-Faltkarton,250.0,250.0,250.0,1.2 B,14
01.108,592 x 392 x 150 mm / 1.2 C,Wellpapp-Faltkarton,592.0,392.0,150.0,1.2 C,17
01.109,250 x 200 x 150 mm / 1.2 B,Wellpapp-Faltkarton,250.0,200.0,150.0,1.2 B,14
01.110,300 x 300 x 300 mm / 1.2 B,Wellpapp-Faltkarton,300.0,300.0,300.0,1.2 B,14
01.111,300 x 300 x 150 mm / 1.2 B,Wellpapp-Faltkarton,300.0,300.0,150.0,1.2 B,14
01.112,185 x 160 x 100 mm / 1.2 E,Automatikbodenkarton braun,185.0,160.0,100.0,1.2 E,13
01.113,350 x 100 x 100 mm / 1.2 B,Wellpapp-Faltkarton,350.0,100.0,100.0,1.2 B,15
01.114,350 x 300 x 150 mm / 1.2 B,Wellpapp-Faltkarton,350.0,300.0,150.0,1.2 B,15
01.115,260 x 200 x 160 mm / 1.2 B,Wellpapp-Faltkarton,260.0,200.0,160.0,1.2 B,14
01.116,285 x 185 x 195 mm / 1.2 B,Wellpapp-Faltkarton,285.0,185.0,195.0,1.2 B,14
01.117,270 x 140 x 160 mm / 1.2 B,Wellpapp-Faltkarton,270.0,140.0,160.0,1.2 B,14
01.118,500 x 380 x 155 mm / 1.2 C,Wellpapp-Faltkarton,500.0,380.0,155.0,1.2 C,16
01.119,300 x 215 x 180 mm / 1.2 C,Wellpapp-Faltkarton,300.0,215.0,180.0,1.2 C,14
01.120,460 x 340 x 120 mm / 1.2 C,Wellpapp-Faltkarton,460.0,340.0,120.0,1.2 C,14
01.120B,390 x 262 x 140 mm / 1.2 C,Wellpapp-Faltkarton,390.0,262.0,140.0,1.2 C,15
01.120C,215 x 155 x 135 mm / 1.2 C,Wellpapp-Faltkarton,215.0,155.0,135.0,1.2 C,14
01.1212,250 x 105 x 125 mm / 1.2 C,Wellpapp-Faltkarton,250.0,105.0,125.0,1.2 C,14
01.122P,302 x 215 x 140 mm / 1.3 C,Wellpapp-Faltkarton .,302.0,215.0,140.0,1.3 C,14
01.123,630 x 430 x 400 mm / 1.3 C,Wellpapp-Faltkarton,630.0,430.0,400.0,1.3 C,17
01.124,385 x 185 x 185 mm / 1.2 B,Wellpapp-Faltkarton,385.0,185.0,185.0,1.2 B,15
01.1244,"1190 x 790 x 800mm,1.2 B",Paletten-Container,1190.0,790.0,80.0,-,33
01.1-244,306 x 215 x 50 mm / 1.2 E,Aufrichte-Stülpkarton aus,306.0,215.0,50.0,1.2 E,30
01.1-244/BODEN,306 x 215 x 50 mm / 1.2,Boden Aufrichte-Stülpkarton ,306.0,215.0,50.0,1.2,
01.1-244/DECKEL,312 x 219 x 51 mm / 1.2,Deckel Aufrichte-Stülpkarton,312.0,219.0,51.0,1.2,
01.125,400 x 400 x 200 mm / 1.2 B,Wellpapp-Faltkarton,400.0,400.0,200.0,1.2 B,15
01.126,520 x 390 x 290 mm / 1.2 B,Wellpapp-Faltkarton,520.0,390.0,290.0,1.2 B,16
01.127,320 x 292 x 80 mm / 1.2 C,Wellpapp-Faltkarton,320.0,292.0,80.0,1.2 C,15
01.128,800 x 480 x 150 mm / 1.3 C,Wellpapp-Faltkarton,800.0,480.0,150.0,1.3 C,18
01.129,610 x 380 x 280 mm / 1.2 C,Wellpapp-Faltkarton,610.0,380.0,280.0,1.2 C,17
01.130,400 x 250 x 260 mm / 1.3 C,Wellpapp-Faltkarton,400.0,250.0,260.0,1.3 C,15
01.131,460 x 300 x 380 mm / 1.3 C,Wellpapp-Faltkarton,460.0,300.0,380.0,1.3 C,16
01.1313,1180 x 780 x 965 mm / 2.5 BC,Paletten-Container,1180.0,780.0,965.0,2.5 BC,33
01.1314,1180 x 780 x 1060 mm / 2.4 BC,Paletten-Container,1180.0,780.0,1060.0,2.4 BC,33
01.1315,1180 x 780 x 1060 mm / 2.4 BC,Paletten-Container,1180.0,780.0,1060.0,2.4 BC,33
01.132,430 x 350 x 315 mm / 1.3 C,Wellpapp-Faltkarton,430.0,350.0,315.0,1.3 C,16
01.133,490 x 400 x 270 mm / 1.3 C,Wellpapp-Faltkarton,490.0,400.0,270.0,1.3 C,16
01.134,530 x 320 x 470 mm / 1.3 C,Wellpapp-Faltkarton,530.0,320.0,470.0,1.3 C,16
01.135,400 x 400 x 350 mm / 1.3 B,Wellpapp-Faltkarton,400.0,400.0,350.0,1.3 B,15
01.136,800 x 500 x 200 mm / 2.3 BC,Wellpapp-Faltkarton,800.0,500.0,200.0,2.3 BC,18
01.137,430 x 300 x 250 mm / 1.2 B,Wellpapp-Faltkarton,430.0,300.0,250.0,1.2 B,16
01.1375,1185 x 785 x 750 mm / 2.4 BC,Paletten-Container,1185.0,785.0,750.0,2.4 BC,33
01.139,305 x 215 x 250 mm / 1.3 B,Wellpapp-Faltkarton,305.0,215.0,250.0,1.3 B,14
01.140,389 x 289 x 80 mm / 1.2 B,Wellpapp-Faltkarton,389.0,289.0,80.0,1.2 B,15
01.1421,730 x 730 x 330 mm / 2.3 BC,Wellpapp-Faltkarton,730.0,730.0,330.0,2.3 BC,17
01.143,510 x 400 x 200 mm / 1.3 B,Wellpapp-Faltkarton,510.0,400.0,200.0,1.3 B,16
01.144,270 x 210 x 100 mm / 1.2 B,Wellpapp-Faltkarton,270.0,210.0,100.0,1.2 B,14
01.145,592 x 392 x 300 mm / 1.3 B,Wellpapp-Faltkarton,592.0,392.0,300.0,1.3 B,17
01.146,600 x 200 x 150 mm / 1.2 B,Wellpapp-Faltkarton,600.0,200.0,150.0,1.2 B,17
01.147,485 x 305 x 200 mm / 1.3 C,Wellpapp-Faltkarton,485.0,305.0,200.0,1.3 C,16
01.148,344 x 244 x 70 mm / 1.2 B,Wellpapp-Faltkarton,344.0,244.0,70.0,1.2 B,
01.149,600 x 300 x 200 mm / 1.3 B,Wellpapp-Faltkarton,600.0,300.0,200.0,1.3 B,17
01.150,640 x 430 x 240 mm / 2.3 BC,Wellpapp-Faltkarton,640.0,430.0,240.0,2.3 BC,17
01.151,610 x 130 x 130 mm / 1.2 B,Wellpapp-Faltkarton,610.0,130.0,130.0,1.2 B,17
01.153,700 x 200 x 200 mm / 1.2 C ,Wellpapp-Faltkarton,700.0,200.0,200.0,1.2 C,17
01.154,700 x 300 x 150 mm / 1.3 C,Wellpapp-Faltkarton,700.0,300.0,150.0,1.3 C,17
01.155,740 x 400 x 300 mm / 1.3 C,Wellpapp-Faltkarton,740.0,400.0,300.0,1.3 C,17
01.156,790 x 590 x 300 mm / 1.3 C ,Wellpapp-Faltkarton,790.0,590.0,300.0,1.3 C,17
01.157,800 x 200 x 150 mm / 1.3 C,Wellpapp-Faltkarton,800.0,200.0,150.0,1.3 C,18
01.158,800 x 400 x 250 mm / 1.3 C,Wellpapp-Faltkarton,800.0,400.0,250.0,1.3 C,18
01.159,850 x 450 x 450 mm / 1.3 C,Wellpapp-Faltkarton,850.0,450.0,450.0,1.3 C,18
01.160,900 x 250 x 150 mm / 1.3 C,Wellpapp-Faltkarton,900.0,250.0,150.0,1.3 C,18
01.161,950 x 450 x 450 mm / 1.3 C,Wellpapp-Faltkarton,950.0,450.0,450.0,1.3 C,18
01.162,1050 x 120 x 120 mm / 1.3 C,Wellpapp-Faltkarton,1050.0,120.0,120.0,1.3 C,18
01.163,1000 x 250 x 200 mm / 1.3 C,Wellpapp-Faltkarton,1000.0,250.0,200.0,1.3 C,18
01.164,1170 x 370 x 280 mm / 1.4 C,Wellpapp-Faltkarton,1170.0,370.0,280.0,1.4 C,18
01.165,1350 x 300 x 350 mm / 1.4 C,Wellpapp-Faltkarton,1350.0,300.0,350.0,1.4 C,18
01.166,320 x 265 x 150 mm / 1.2 B,Wellpapp-Faltkarton,320.0,265.0,150.0,1.2 B,15
01.167,1500 x 300 x 250 mm / 1.4 C,Wellpapp-Faltkarton,1500.0,300.0,250.0,1.4 C,18
01.177,460 x 330 x 150 mm / 1.2 C,Wellpapp-Faltkarton,460.0,330.0,150.0,1.2 C,16
01.181,150 x 140 x 120 mm / 1.2,Wellpapp-Faltkarton,150.0,140.0,120.0,1.2,13
01.1V,610 x 610 x 250 mm / 2.4 BC,Wellpapp-Faltkarton .,610.0,610.0,250.0,2.4 BC,17
01.200,630 x 630 x 150 mm / 2.3 BC,Wellpapp-Faltkarton,630.0,630.0,150.0,2.3 BC,17
01.201,470 x 210 x 150 mm / 1.4 C,Wellpapp-Faltkarton Nr. 20,470.0,210.0,150.0,1.4 C,16
01.202,315 x 155 x 115 mm / 1.4 B,Wellpapp-Faltkarton Nr. 2,315.0,155.0,115.0,1.4 B,14
01.2020,500 x 500 x 250 mm / 2.5 BC,Wellpapp-Faltkarton,500.0,500.0,250.0,2.5 BC,16
01.2022,225 x 150 x 120 mm / 2.2 BE,Wellpapp-Faltkarton,225.0,150.0,120.0,2.2 BE,14
01.2023,335 x 335 x 205 mm / 1.2 C,Wellpapp-Faltkarton,335.0,335.0,205.0,1.2 C,15
01.2024,850 x 360 x 550 mm / 2.2 BC,Wellpapp-Faltkarton,850.0,360.0,550.0,2.2 BC,18
01.2025,586 x 286 x 136 mm / 2.3 BC,Wellpapp-Faltkarton,586.0,286.0,136.0,2.3 BC,17
01.204,400 x 300 x 300 mm / 2.3 BC,Wellpapp-Faltkarton,400.0,300.0,300.0,2.3 BC,15
01.210,590 x 380 x 280 mm / 2.3 EB,Wellpappen-Faltkarton,590.0,380.0,280.0,2.3 EB,17
01.211,1150 x 450 x 450 mm / 2.4 BC,Wellpapp-Faltkarton .,1150.0,450.0,450.0,2.4 BC,18
01.212,1186 x 586 x 572 mm / 2.4 BC,Wellpapp-Faltkarton,1186.0,586.0,572.0,2.4 BC,18
01.214,580 x 380 x 300 mm / 2.4 BC,Wellpapp-Faltkarton,580.0,380.0,300.0,2.4 BC,17
01.215,580 x 380 x 400 mm / 2.4 BC,Wellpapp-Faltkarton,580.0,380.0,400.0,2.4 BC,17
01.218,470 x 470 x 310 mm / 2.4 BC,Wellpapp-Faltkarton ,470.0,470.0,310.0,2.4 BC,16
01.220,220 x 155 x 115 mm / 1.2 B,Automatikboden-Aufrichte,220.0,155.0,115.0,1.2 B,14
01.221,360 x 360 x 320 mm / 2.3 BC,Wellpapp-Faltkarton,360.0,360.0,320.0,2.3 BC,15
01.223,1000 x 300 x 200 mm / 2.2 BC,Wellpapp-Faltkarton,1000.0,300.0,200.0,2.2 BC,18
01.2-245,306 x 215 x 100 mm / 1.2 E,Aufrichte-Stülpkarton aus,306.0,215.0,100.0,1.2 E,30
01.2-245/BODEN,306 x 215 x 100 mm / 1.2 E,Boden Aufrichte-Stülpkarton,306.0,215.0,100.0,1.2 E,
01.2-245/DECKEL,312 x 219 x 101 mm / 1.2 E,Deckel Aufrichte-Stülpkarton,312.0,219.0,101.0,1.2 E,
01.228,550 x 400 x 400 mm / 2.3 BC,Wellpapp-Faltkarton,550.0,400.0,400.0,2.3 BC,16
01.229,175 x 125 x 125 mm / 2.2 EB,Wellpapp-Faltkarton,175.0,125.0,125.0,2.2 EB,13
01.230,384 x 234 x 168 mm / 2.3 BE,Wellpapp-Faltkarton,384.0,234.0,168.0,2.3 BE,15
01.231,400 x 350 x 350 mm / 2.3 BC,Wellpapp-Faltkarton,400.0,350.0,350.0,2.3 BC,15
01.232,484 x 284 x 235 mm / 2.3 BC,Wellpapp-Faltkarton,484.0,284.0,235.0,2.3 BC,16
01.233,370 x 300 x 360 mm / 2.3 BC,Wellpapp-Faltkarton,370.0,300.0,360.0,2.3 BC,15
01.234,190 x 170 x 130 mm / 2.3 EB,Wellpapp-Faltkarton,190.0,170.0,130.0,2.3 EB,13
01.235,550 x 300 x 300 mm / 2.3 BC,Wellpapp-Faltkarton,550.0,300.0,300.0,2.3 BC,16
01.236,490 x 400 x 270 mm / 2.3 BC,Wellpapp-Faltkarton,490.0,400.0,270.0,2.3 BC,16
01.237,330 x 190 x 130 mm / 2.3 EB,Wellpapp-Faltkarton,330.0,190.0,130.0,2.3 EB,15
01.238,500 x 360 x 220 mm / 2.3 BC,Wellpapp-Faltkarton,500.0,360.0,220.0,2.3 BC,16
01.239,650 x 580 x 565 mm / 2.3 BC,Wellpapp-Faltkarton,650.0,580.0,565.0,2.3 BC,17
01.240,630 x 430 x 400 mm / 2.3 BC,Wellpapp-Faltkarton,630.0,430.0,400.0,2.3 BC,17
01.241,234 x 184 x 168 mm / 2.3 EB,Wellpapp-Faltkarton,234.0,184.0,168.0,2.3 EB,14
01.241BC,234 x 184 x 168 mm / 2.3 BC,Wellpapp-Faltkarton,234.0,184.0,168.0,2.3 BC,
01.242,785 x 585 x 385 mm / 2.4 BC,Wellpapp-Faltkarton,785.0,585.0,385.0,2.4 BC,17
01.243,550 x 330 x 330 mm / 1.3 B,Wellpapp-Faltkarton,550.0,330.0,330.0,1.3 B,16
01.244,700 x 600 x 600 mm / 2.4 BC,Wellpapp-Faltkarton,700.0,600.0,600.0,2.4 BC,17
01.246,1180 x 780 x 542 mm / 2.4 BC,Paletten-Container,1180.0,780.0,542.0,2.4 BC,33
01.247,1000 x 500 x 500 mm / 2.4 BC,Wellpapp-Faltkarton,1000.0,500.0,500.0,2.4 BC,18
01.249,785 x 585 x 800 mm / 2.3 BC,Wellpapp-Faltkarton,785.0,585.0,800.0,2.3 BC,17
01.250,480 x 360 x 180 mm / 2.5 BC,Wellpapp-Faltkarton,480.0,360.0,180.0,2.5 BC,16
01.251,250 x 195 x 100 mm / 2.2 EB,Wellpapp-Faltkarton,250.0,195.0,100.0,2.2 EB,14
01.255,460 x 325 x 160 mm / 2.3 BC,Wellpapp-Faltkarton,460.0,325.0,160.0,2.3 BC,16
01.257,555 x 385 x 400 mm / 2.4 BC,Wellpapp-Faltkarton,555.0,385.0,400.0,2.4 BC,16
01.260,610 x 320 x 335 mm / 2.5 BC,Wellpapp-Faltkarton,610.0,320.0,335.0,2.5 BC,17
01.261,650 x 330 x 120 mm / 2.3 BC,Wellpapp-Faltkarton,650.0,330.0,120.0,2.3 BC,17
01.262,650 x 330 x 235 mm / 2.3 BC,Wellpapp-Faltkarton,650.0,330.0,235.0,2.3 BC,17
01.264,650 x 330 x 470 mm / 2.3 BC,Wellpapp-Faltkarton,650.0,330.0,470.0,2.3 BC,17
01.265,1200 x 500 x 200 mm / 2.3 BC,Wellpapp-Faltkarton,1200.0,500.0,200.0,2.3 BC,18
01.270,700 x 392 x 392 mm / 2.6 BC,Wellpapp-Faltkarton,700.0,392.0,392.0,2.6 BC,17
01.271,780 x 580 x 600 mm / 2.3 BC,Wellpapp-Faltkarton .,780.0,580.0,600.0,2.3 BC,17
01.272,800 x 600 x 580 mm / 2.6 BC,Wellpapp-Faltkarton,800.0,600.0,580.0,2.6 BC,18
01.273,410 x 410 x 410 mm / 2.3 BC,Wellpapp-Faltkarton,410.0,410.0,410.0,2.3 BC,15
01.276,500 x 500 x 500 mm / 2.4 BC,Wellpapp-Faltkarton,500.0,500.0,500.0,2.4 BC,16
01.2XA,350 x 250 x 200 mm / 1.3 C,Wellpapp-Faltkarton,350.0,250.0,200.0,1.3 C,15
01.300,360 x 200 x 150 mm / 1.4 C,Wellpapp-Faltkarton Nr. ,360.0,200.0,150.0,1.4 C,15
01.302,580 x 380 x 460 mm / 2.92 AAC,Wellpappen-Faltkarton,580.0,380.0,460.0,2.92 AAC,17
01.304,780 x 380 x 460 mm / 2.92,Wellpappen-Faltkarton,780.0,380.0,460.0,2.92,17
01.305,780 x 580 x 440 mm / 2.92,Wellpappen-Faltkarton,780.0,580.0,440.0,2.92,17
01.3-100,340 x 240 x 130 mm / 1.3 B,Automatikboden-Aufrichtekarton,340.0,240.0,130.0,1.3 B,15
01.320,1050 x 710 x 590 mm / 2.92,Wellpappen-Faltkarton,1050.0,710.0,590.0,2.92,18
01.3-200,390 x 260 x 140 mm / 1.2 C,Automatikboden-Aufrichtekarton,390.0,260.0,140.0,1.2 C,15
01.3-245,300 x 215 x 200 mm / 1.2 C,Automatikboden-Aufrichte-,300.0,215.0,200.0,1.2 C,14
01.3-246,305 x 215 x 100 mm,Aufrichte-Stülpkarton aus,305.0,215.0,100.0,-,30
01.3-246/BODEN,305 x 215 x 100 mm,Boden Aufrichte-Stülpkarton,305.0,215.0,100.0,-,
01.3-246/DECKEL,305 x 215 x 100 mm,Deckel Aufrichte-Stülpkarton,305.0,215.0,100.0,-,
01.3-247,305 x 215 x 50/50 mm,Aufrichte-Stülpkarton,305.0,215.0,,0 mm,
01.3-247/BODEN,305 x 215 x 50/50 mm,Boden Aufrichte-Stülpkarton,305.0,215.0,,0 mm,
01.3-247/DECKEL,305 x 215 x 50/50 mm,Deckel Aufrichte-Stülpkarton,305.0,215.0,,0 mm,
01.3-250,350 x 250 x 250 mm / 1.3 C,Automatik-Aufrichtekarton,350.0,250.0,250.0,1.3 C,15
01.3-400,500 x 380 x 155 mm / 1.3 C,Automatikboden-Aufrichtekrton,500.0,380.0,155.0,1.3 C,16
01.3-500,460 x 300 x 380 mm / 1.4 C,Automatikboden-Aufrichte-,460.0,300.0,380.0,1.4 C,16
01.3-600,292 x 192 x 165 mm / 1.3 B,Automatikboden-Aufrichtekarton,292.0,192.0,165.0,1.3 B,14
01.3-700,392 x 292 x 165 mm / 1.3 B,Automatikboden-Aufrichtekarton,392.0,292.0,165.0,1.3 B,15
01.40/1,389 x 289 x 112 mm / 1.2 C,Wellpapp-Faltkarton,389.0,289.0,112.0,1.2 C,15
01.40/2,389 x 289 x 192 mm / 1.2 B,Wellpapp-Faltkarton,389.0,289.0,192.0,1.2 B,15
01.40/4,389 x 289 x 392 mm / 1.2 C,Wellpapp-Faltkarton,389.0,289.0,392.0,1.2 C,15
01.403,320 x 230 x 220 mm / 1.3 C,Wellpapp-Faltkarton,320.0,230.0,220.0,1.3 C,15
01.404,400 x 400 x 120 mm / 1.3 C,Wellpapp-Faltkarton,400.0,400.0,120.0,1.3 C,15
01.405,500 x 400 x 400 mm / 1.3 C,Wellpapp-Faltkarton,500.0,400.0,400.0,1.3 C,16
01.406,650 x 550 x 152 mm / 1.3 C,Wellpapp-Faltkarton,650.0,550.0,152.0,1.3 C,
01.4-300,585 x 385 x 385 mm / 2.3 BC,Wellpapp-Stanzverpackung ,585.0,385.0,385.0,2.3 BC,17
01.4-650,575 x 365 x 490 mm / 2.3 BC,Stanzkarton nach Fefco 0216,575.0,365.0,490.0,2.3 BC,16
01.4-700,630 x 430 x 400 mm / 2.3 BC,Stanzkarton nach Fefco 0216,630.0,430.0,400.0,2.3 BC,17
01.475,260 x 170 x 120 mm / 1.3 C,Wellpapp-Faltkarton .,260.0,170.0,120.0,1.3 C,14
01.4-800,700 x 400 x 500 mm / 2.4 BC,Stanzkarton nach Fefco 0216,700.0,400.0,500.0,2.4 BC,17
01.4-900,860 x 400 x 570 mm / 2.4 BC,Stanzkarton nach Fefco 0216,860.0,400.0,570.0,2.4 BC,18
01.500,790 x 590 x 500 mm / 1.3 C,Wellpapp-Faltkarton,790.0,590.0,500.0,1.3 C,17
01.501,350 x 350 x 110 mm / 1.4 C,Wellpapp-Faltkarton Nr. 5,350.0,350.0,110.0,1.4 C,15
01.5-100,360 x 240 x 230 mm / 1.4 B,Automatikboden-Aufrichte-,360.0,240.0,230.0,1.4 B,15
01.5-200,460 x 300 x 230 mm / 1.4 C,Automatikboden-Aufrichtekarton,460.0,300.0,230.0,1.4 C,16
01.60/2,589 x 289 x 192 mm / 1.2 C,Wellpapp-Faltkarton,589.0,289.0,192.0,1.2 C,17
01.60/4,589 x 289 x 392 mm / 1.2 C,Wellpapp-Faltkarton,589.0,289.0,392.0,1.2 C,17
01.600,589 x 389 x 389 mm / 1.3 B,Wellpapp-Faltkarton,589.0,389.0,389.0,1.3 B,17
01.605,605 x 100 x 70 mm / 1.4 B,Wellp. Klappdeckel-Karton,605.0,100.0,70.0,1.4 B,26
01.608,800 x 100 x 75 mm / 1.4 B,Wellp. Klappdeckel-Karton,800.0,100.0,75.0,1.4 B,
01.610,350 x 230 x 170 mm / 1.3 C,Wellpapp-Faltkarton,350.0,230.0,170.0,1.3 C,15
01.611,370 x 270 x 260 mm / 1.3 C,Wellpapp-Faltkarton,370.0,270.0,260.0,1.3 C,15
01.612,500 x 350 x 250 mm / 1.3 C,Wellpapp-Faltkarton,500.0,350.0,250.0,1.3 C,16
01.613,600 x 400 x 500 mm / 1.3 C,Wellpapp-Faltkarton,600.0,400.0,500.0,1.3 C,17
01.671,345 x 275 x 175 mm / 1.3 B,Wellpapp-Faltkarton,345.0,275.0,175.0,1.3 B,15
01.6XA,735 x 345 x 350 mm / 2.5 BC,Wellpappen-Faltkarton,735.0,345.0,350.0,2.5 BC,17
01.6XB,690 x 365 x 330 mm / 2.5 BC,Wellpappen-Faltkarton .,690.0,365.0,330.0,2.5 BC,17
01.795122,310 x 220 x 185 mm / 2.3 BE,Wellpapp-Faltkarton,310.0,220.0,185.0,2.3 BE,14
01.795126,545 x 335 x 340 mm / 2.4 BC,Wellpapp-Faltkarton,545.0,335.0,340.0,2.4 BC,16
01.795129,585 x 513 x 255 mm / 2.5 BC,Wellpappen-Faltkarton,585.0,513.0,255.0,2.5 BC,17
01.795137,530 x 250 x 255 mm / 2.3 BC,Wellpapp-Faltkarton,530.0,250.0,255.0,2.3 BC,16
01.A,325 x 225 x 150 mm / 2.3 BC,Wellpapp-Faltkarton,325.0,225.0,150.0,2.3 BC,
01.AMZ,228 x 160 x 102 mm / 1.3 B,Wellpapp-Faltkarton,228.0,160.0,102.0,1.3 B,
01.AMZ1,305 x 228 x 102 mm / 1.3 B,Wellpapp-Faltkarton,305.0,228.0,102.0,1.3 B,
01.AMZ10,550 x 350 x 100 mm / 1.3 B,Wellpapp-Faltkarton,550.0,350.0,100.0,1.3 B,
01.AMZ100,400 x 300 x 200 mm / 2.3 BC,Wellpapp-Faltkarton,400.0,300.0,200.0,2.3 BC,
01.AMZ200,508 x 408 x 300 mm / 2.3,Wellpapp-Faltkarton,508.0,408.0,300.0,2.3,
01.AMZ3,305 x 228 x 183 mm / 1.3 B,Wellpapp-Faltkarton,305.0,228.0,183.0,1.3 B,
01.AMZ30,600 x 450 x 150 mm / 1.3 B,Wellpapp-Faltkarton,600.0,450.0,150.0,1.3 B,
01.AMZ300,650 x 500 x 350 mm / 2.2 BC,Wellpapp-Faltkarton,650.0,500.0,350.0,2.2 BC,
01.AMZ36,344 x 254 x 220 mm / 1.3 B,Wellpapp-Faltkarton,344.0,254.0,220.0,1.3 B,
01.AMZ4,406 x 305 x 102 mm / 1.3 B,Wellpapp-Faltkarton,406.0,305.0,102.0,1.3 B,
01.AMZ6,406 x 305 x 203 mm / 1.3 B,Wellpapp-Faltkarton,406.0,305.0,203.0,1.3 B,
01.AMZ7,455 x 340 x 265 mm / 1.3 B,Wellpapp-Faltkarton,455.0,340.0,265.0,1.3 B,
01.AP20,Abdeckplane 20 qm,"4 m breit, 5 m lang",,,,-,
01.AP50,Abdeckplane 50 qm,"4 m breit, 12,5 m lang",,,,-,
01.BAM61007,100 x 100 x 1000 / 1.2 B,Wellpapp-Faltkarton,100.0,100.0,,1.2 B,46
01.BAM61008,108 x 108 x 1000 / 1.2 B,Wellpapp-Faltkarton,108.0,108.0,,1.2 B,46
01.BE1,590 x 390 x 230 mm / 2.3 BC,Wellpapp-Faltkarton,590.0,390.0,230.0,2.3 BC,17
01.BL1,340 x 230 x 255 mm / 2.3 EB,Wellpapp-Faltkarton,340.0,230.0,255.0,2.3 EB,15
01.BL2,456 x 340 x 255 mm / 2.3 BC,Wellpapp-Faltkarton,456.0,340.0,255.0,2.3 BC,16
01.DB1,250 x 250 x 180 mm / 2.3 BC,Wellpapp-Faltkarton,250.0,250.0,180.0,2.3 BC,14
01.DB1/1,335 x 235 x 215 mm / 2.3 BC,Wellpapp-Faltkarton,335.0,235.0,215.0,2.3 BC,15
01.DB2,500 x 250 x 180 mm / 2.3 BC,Wellpapp-Faltkarton,500.0,250.0,180.0,2.3 BC,16
01.DB2/2,500 x 280 x 215 mm / 2.3 BC,Wellpapp-Faltkarton,500.0,280.0,215.0,2.3 BC,16
01.DB3/3,496 x 341 x 275 mm / 2.3 BC,Wellpapp-Faltkarton,496.0,341.0,275.0,2.3 BC,16
01.E,630 x 320 x 175 mm / 2.3 BC,Wellpapp-Faltkarton,630.0,320.0,175.0,2.3 BC,13
01.ENDWELL,1160 mm x 300 lfm / 2.4 BC,"Endloswellpappe, gerillt",,,,2.4 BC,34
01.EST10,184 x 134 x 137 mm / 1.1 E,Automatikboden-Aufrichtekarton,184.0,134.0,137.0,1.1 E,13
01.EST110,384 x 284 x 167 mm / 1.2 B,Automatikboden-Aufrichtekarton,384.0,284.0,167.0,1.2 B,15
01.EST120,384 x 284 x 284 mm / 1.2 B,Automatikboden-Aufrichtekarton,384.0,284.0,284.0,1.2 B,15
01.EST140,376 x 376 x 272 mm / 2.2 EB,Automatikboden-Aufrichtekarton,376.0,376.0,272.0,2.2 EB,15
01.EST161,479 x 379 x 340 mm / 2.2 EB,Steckboden-Aufrichtekarton,479.0,379.0,340.0,2.2 EB,16
01.EST190,574 x 379 x 163 mm / 2.2 EB,Steckboden-Aufrichtekarton,574.0,379.0,163.0,2.2 EB,16
01.EST200,574 x 379 x 280 mm / 2.3 EB,Steckboden-Aufrichtekarton,574.0,379.0,280.0,2.3 EB,16
01.EST201,574 x 379 x 340 mm / 2.3 EB,Steckboden-Aufrichtekarton,574.0,379.0,340.0,2.3 EB,16
01.EST205,574 x 379 x 430 mm / 2.3 EB,Steckboden-Aufrichtekarton,574.0,379.0,430.0,2.3 EB,16
01.EST210,766 x 576 x 339 mm / 2.4 BC,Wellpapp-Faltkarton,766.0,576.0,339.0,2.4 BC,17
01.EST220,766 x 576 x 418 mm / 2.4 BC,Wellpapp-Faltkarton,766.0,576.0,418.0,2.4 BC,17
01.EST30,284 x 184 x 167 mm / 1.1 B,Automatikboden-Aufrichtekarton,284.0,184.0,167.0,1.1 B,14
01.EST31,284 x 184 x 137 mm / 1.1 B,Automatikboden-Aufrichtekarton,284.0,184.0,137.0,1.1 B,14
01.EST5,145 x 96 x 82 mm / 1.1 E,Automatikboden-Aufrichtekarton,145.0,96.0,82.0,1.1 E,13
01.EST50,284 x 284 x 167 mm / 1.1 B,Automatikboden-Aufrichtekarton,284.0,284.0,167.0,1.1 B,14
01.FT300,1162 x 762 x 298 mm,Flexitainer,1162.0,762.0,298.0,-,32
01.FT750,1162 x 762 x 748 mm,Flexitainer,1162.0,762.0,748.0,-,32
01.FTSEE,1076 x 691 x 578 mm,Flexitainer,1076.0,691.0,578.0,-,32
01.FX01,120 x 120 x 120 mm / 1.2 E,Automatikbodenkarton weiß,120.0,120.0,120.0,1.2 E,29
01.FX02,150 x 130 x 55 mm / 1.2 E,Automatikbodenkarton weiß,150.0,130.0,55.0,1.2 E,29
01.FX03,150 x 130 x 110 mm / 1.2 E,Automatikbodenkarton weiß,150.0,130.0,110.0,1.2 E,29
01.FX04,220 x 160 x 100 mm / 1.2 E,Automatikbodenkarton weiß,220.0,160.0,100.0,1.2 E,29
01.FX08,305 x 215 x 150 mm / 1.2 E,Automatikbodenkarton weiß,305.0,215.0,150.0,1.2 E,29
01.JH3,456 x 330 x 175 mm / 2.3 BC,Wellpapp-Faltkarton,456.0,330.0,175.0,2.3 BC,16
01.JH4,466 x 305 x 286 mm / 2.3 BC,Wellpapp-Faltkarton,466.0,305.0,286.0,2.3 BC,16
01.JH5,488 x 330 x 342 mm / 2.3 BC,Wellpapp-Faltkarton,488.0,330.0,342.0,2.3 BC,16
01.K1,440 x 190 x 170 mm / 1.2 C,Wellpapp-Faltkarton,440.0,190.0,170.0,1.2 C,14
01.K10,210 x 160 x 100 mm / 1.2 B,Wellpapp-Faltkarton K1,210.0,160.0,100.0,1.2 B,14
01.K13,400 x 180 x 250 mm / 1.4 C,Wellpapp-Faltkarton,400.0,180.0,250.0,1.4 C,15
01.K130,1000 x 200 x 200 mm / 2.3 BC,Wellpapp-Faltkarton K13,1000.0,200.0,200.0,2.3 BC,18
01.K140,320 x 320 x 120 mm / 2.3 BC,Wellpapp-Faltkarton,320.0,320.0,120.0,2.3 BC,15
01.K160,1000 x 200 x 500 mm / 2.3 BC,Wellpapp-Faltkarton,1000.0,200.0,500.0,2.3 BC,18
01.K2,440 x 375 x 170 mm / 1.2 C,Wellpapp-Faltkarton,440.0,375.0,170.0,1.2 C,14
01.K20,300 x 200 x 150 mm / 1.2 C,Wellpapp-Faltkarton K2,300.0,200.0,150.0,1.2 C,14
01.K30,400 x 300 x 160 mm / 1.3 C,Wellpapp-Faltkarton K3,400.0,300.0,160.0,1.3 C,15
01.K4,430 x 360 x 255 mm / 1.4 C,Wellpapp-Faltkarton,430.0,360.0,255.0,1.4 C,15
01.K40,370 x 370 x 215 mm / 2.3 BC,Wellpapp-Faltkarton K4,370.0,370.0,215.0,2.3 BC,15
01.K5,430 x 360 x 340 mm / 2.4 BC,Wellpapp-Faltkarton,430.0,360.0,340.0,2.4 BC,16
01.K6,430 x 360 x 430 mm / 2.4 BC,Wellpapp-Faltkarton,430.0,360.0,430.0,2.4 BC,16
01.K60,630 x 310 x 345 mm / 2.5 BC,Wellpapp-Faltkarton K6,630.0,310.0,345.0,2.5 BC,
01.K7,540 x 430 x 430 mm / 2.4 BC,Wellpapp-Faltkarton,540.0,430.0,430.0,2.4 BC,16
01.K70,885 x 385 x 278 mm / 2.4 BC,Wellpapp-Faltkarton K7,885.0,385.0,278.0,2.4 BC,18
01.K80,150 x 70 x 800 mm / 1.2 B,Wellpapp-Faltkarton K8,150.0,70.0,800.0,1.2 B,
01.KB,560 x 520 x 1235 mm / 2.3 EB,Kleiderbox außen weiß,560.0,520.0,1235.0,2.3 EB,31
01.KB BOX,560 x 520 x 1235 mm / 2.3 EB,Kleiderbox außen weiß,560.0,520.0,1235.0,2.3 EB,
01.KB DECKEL,Deckel für Kleiderbox,01.KB,,,,-,
01.KDK001,171 x 121 x 80 mm / 1.3 B,Klappdeckelkarton,171.0,121.0,80.0,1.3 B,26
01.KK1,730 x 700 x 200 mm / 2.4 BC,Wellpapp-Faltkarton,730.0,700.0,200.0,2.4 BC,17
01.KVA1,860 x 610 x 20 mm / 1.2 B (A1),"Kalenderverpackung, braun",860.0,610.0,20.0,1.2 B (A1),45
01.KVA2,620 x 420 x 10 mm / 1.2 B (A2),"Kalenderverpackung, braun",620.0,420.0,10.0,1.2 B (A2),45
01.KVA3,420 x 310 x 10 mm / 1.2 B,"Kalenderverpackung, braun",420.0,310.0,10.0,1.2 B,45
01.KX10,250 x 180 x 120 mm / 1.4 B,Wellpapp-Stanzkarton,250.0,180.0,120.0,1.4 B,26
01.L,400 x 300 x 270 mm / 1.3 B,Automatikboden-Aufrichtekarton,400.0,300.0,270.0,1.3 B,15
01.LP,340 x 340 x 450 mm / 2.3 BC,Wellpapp-Faltkarton,340.0,340.0,450.0,2.3 BC,15
01.M,400 x 300 x 160 mm / 1.3 B,Automatikboden-Aufrichtekarton,400.0,300.0,160.0,1.3 B,15
01.MINI.G2,242 x 130 x 100 mm / 1.3 B,Wellp. Klappdeckel-Karton,242.0,130.0,100.0,1.3 B,26
01.MINI.K1,175 x 80 x 24 mm / 1.3 B,Wellp. Klappdeckel-Karton,175.0,80.0,24.0,1.3 B,
01.MINI.M1,200 x 100 x 45 mm / 1.3 B,Wellp. Klappdeckel-Karton,200.0,100.0,45.0,1.3 B,
01.MINI.M2,242 x 130 x 60 mm / 1.3 B,Wellpapp Klappdeckel-Karton,242.0,130.0,60.0,1.3 B,26
01.MINI.M45,250 x 160 x 107 mm / 1.3 B,Wellp. Klappdeckel-Karton,250.0,160.0,107.0,1.3 B,26
01.MINI.N1,170 x 90 x 55 mm / 1.2 B,Wellpapp-Stanzverpackung ,170.0,90.0,55.0,1.2 B,26
01.MINI.N2,190 x 90 x 45 mm / 1.2 B,Wellpapp-Stanzpackung nach,190.0,90.0,45.0,1.2 B,
01.MINI.N3,195 x 105 x 80 mm / 1.2 B,Wellpapp-Stanzpackung nach,195.0,105.0,80.0,1.2 B,26
01.NO1,610 x 410 x 300 mm / 2.3 BC,Wellpapp-Faltkarton,610.0,410.0,300.0,2.3 BC,17
01.OR2,245 x 173 x 75 mm / 1.2 B,Wellpapp-Faltkarton,245.0,173.0,75.0,1.2 B,14
01.OVERALL,Maler Overall,L - XL,,,,-,
01.PACKDECKE,150 x 200 cm ,Packdecke Typ 132 300-330 g/qm,150.0,,,-,31
01.PALRING,1180 x 780 x 350 mm / 1.3 C,Wellpapp-Faltkarton,1180.0,780.0,350.0,1.3 C,
01.QX01,160 x 130 x 70 mm / 1.3 E,Qwikbox braun,160.0,130.0,70.0,1.3 E,13
01.QX02,190 x 120 x 55 mm / 1.3 E,Qwikbox braun,190.0,120.0,55.0,1.3 E,13
01.QX03,213 x 153 x 109 mm / 1.3 B,Qwikbox braun,213.0,153.0,109.0,1.3 B,14
01.QX0300,213 x 153 x 109 mm / 1.2 E,Qwikbox braun ,213.0,153.0,109.0,1.2 E,14
01.QX03LQ,213 x 153 x 109 mm / 1.3 B,Qwikbox braun ,213.0,153.0,109.0,1.3 B,
01.QX04,260 x 200 x 160 mm / 1.3 B,Qwikbox braun,260.0,200.0,160.0,1.3 B,14
01.QX05,310 x 230 x 160 mm / 1.3 B,Qwikbox braun,310.0,230.0,160.0,1.3 B,14
01.QX05T,310 x 230 x 160 mm / 1.3 B,Qwikbox braun,310.0,230.0,160.0,1.3 B,
01.QX06,315 x 290 x 215 mm / 1.3 B,Qwikbox braun,315.0,290.0,215.0,1.3 B,14
01.QX07,290 x 145 x 100 mm / 1.3 B,Qwikbox braun,290.0,145.0,100.0,1.3 B,14
01.QX08,185 x 185 x 125 mm / 1.3 B,Qwikbox braun,185.0,185.0,125.0,1.3 B,13
01.QX09,555 x 300 x 160 mm / 1.3 B,Qwikbox braun,555.0,300.0,160.0,1.3 B,16
01.QX10,284 x 184 x 167 mm / 1.3 E,Qwikbox braun,284.0,184.0,167.0,1.3 E,
01.QX11,430 x 300 x 160 mm / 1.4 B,Qwikbox braun,430.0,300.0,160.0,1.4 B,16
01.QX12,590 x 390 x 187 mm / 1.3 B .,Qwikbox braun,590.0,390.0,187.0,1.3 B .,17
01.QX13,250 x 155 x 110 mm / 1.3 B,Qwikbox braun,250.0,155.0,110.0,1.3 B,14
01.QX132,430 x 350 x 315 mm / 1.2 B,Qwikbox braun,430.0,350.0,315.0,1.2 B,16
01.QX14,217 x 217 x 70 mm / 1.2 E,Qwikbox braun,217.0,217.0,70.0,1.2 E,14
01.QX15,385 x 285 x 186 mm / 1.2 B,Qwikbox braun,385.0,285.0,186.0,1.2 B,15
01.QX16,593 x 393 x 285 mm / 1.3 B FSC,Qwikbox braun,593.0,393.0,285.0,1.3 B FSC,17
01.QX17,155 x 110 x 50 mm / 1.2 E,Qwikbox braun,155.0,110.0,50.0,1.2 E,13
01.QX18,385 x 285 x 115 mm / 1.2 B,Qwikbox braun,385.0,285.0,115.0,1.2 B,15
01.QX21,290 x 270 x 140 mm / 1.3 B,Qwikbox braun,290.0,270.0,140.0,1.3 B,14
01.QX211,430 x 300 x 160 mm / 1.4 B,Qwikbox braun,430.0,300.0,160.0,1.4 B,
01.QX22,350 x 250 x 165 mm / 1.3 B,Qwikbox braun,350.0,250.0,165.0,1.3 B,15
01.QX23,420 x 350 x 145 mm / 1.3 B,Qwikbox braun,420.0,350.0,145.0,1.3 B,15
01.QX24,470 x 310 x 150 mm / 1.3 B,Qwikbox braun,470.0,310.0,150.0,1.3 B,16
01.QX25,500 x 350 x 165 mm / 1.3 B,Qwikbox braun,500.0,350.0,165.0,1.3 B,16
01.QX260,610 x 320 x 335 mm / 2.2 EB,Qwikbox braun,610.0,320.0,335.0,2.2 EB,17
01.QX3031,284 x 184 x 167 mm / 1.2 E,Qwikbox braun,284.0,184.0,167.0,1.2 E,14
01.QX33,213 x 153 x 55 mm / 1.2 E,Qwikbox braun,213.0,153.0,55.0,1.2 E,14
01.QX51,346 x 246 x 68 mm / 1.2 E,Qwikbox braun,346.0,246.0,68.0,1.2 E,15
01.QX55,310 x 230 x 140 mm / 1.3 B,Qwikbox braun,310.0,230.0,140.0,1.3 B,14
01.QX881,230 x 160 x 80 mm / 1.3 B,Qwikbox braun .,230.0,160.0,80.0,1.3 B,14
01.QX882,400 x 260 x 250 mm / 1.3 B,Qwikbox braun,400.0,260.0,250.0,1.3 B,15
01.QX883,370 x 280 x 173 mm / 1.3 B,Qwikbox braun,370.0,280.0,173.0,1.3 B,15
01.QX884,310 x 230 x 110 mm / 1.3 B,Qwikbox braun,310.0,230.0,110.0,1.3 B,14
01.QX884T,310 x 230 x 110 mm / 1.3 B,Qwikbox braun,310.0,230.0,110.0,1.3 B,
01.QX885,345 x 245 x 282 mm / 1.3 E,Qwikbox braun,345.0,245.0,282.0,1.3 E,15
01.QX887,310 x 230 x 45 mm / 1.3 E,Qwikbox braun,310.0,230.0,45.0,1.3 E,
01.QXE,350 x 250 x 135 mm / 1.3 B,Qwikbox weiß/braun,350.0,250.0,135.0,1.3 B,15
01.QXG3,215 x 180 x 135 mm / 1.4 B,Qwikbox Green,215.0,180.0,135.0,1.4 B,14
01.QXG5,310 x 230 x 130 mm / 1.4 B,Qwikbox Green,310.0,230.0,130.0,1.4 B,14
01.QXG7,385 x 285 x 150 mm / 1.4 B,Qwikbox Green,385.0,285.0,150.0,1.4 B,15
01.QXR1,294 x 194 x 194 mm / 1.3 B,Qwikbox braun,294.0,194.0,194.0,1.3 B,
01.QXR2,394 x 294 x 194 mm / 1.4 B,Qwikbox braun,394.0,294.0,194.0,1.4 B,
01.QXR3,594 x 394 x 194 mm / 1.4 B,Qwikbox braun,594.0,394.0,194.0,1.4 B,
01.QXSN,440 x 410 x 265 mm / 1.4 C,Qwikbox braun,440.0,410.0,265.0,1.4 C,16
01.QXW60,213 x 153 x 55 mm / 1.2 E,Qwikbox weiss/braun,213.0,153.0,55.0,1.2 E,14
01.QXW61,146 x 131 x 56 mm / 1.3 E,Qwikbox weiss/braun,146.0,131.0,56.0,1.3 E,13
01.QXW62,200 x 140 x 80 mm / 1.3 E,Qwikbox weiss/braun,200.0,140.0,80.0,1.3 E,13
01.QXW63,240 x 170 x 80 mm / 1.3 E,Qwikbox weiss/braun,240.0,170.0,80.0,1.3 E,14
01.QXW64,305 x 215 x 110 mm / 1.3 B,Qwikbox weiss/braun,305.0,215.0,110.0,1.3 B,14
01.QXW65,430 x 300 x 90 mm / 1.3 B,Qwikbox weiss/braun,430.0,300.0,90.0,1.3 B,16
01.QXW66,485 x 260 x 185 mm / 1.3 B,Qwikbox weiss/braun,485.0,260.0,185.0,1.3 B,16
01.QXW67,485 x 369 x 269 mm / 1.3 B,Qwikbox weiss/braun,485.0,369.0,269.0,1.3 B,16
01.S,310 x 240 x 150 mm / 1.3 B,Automatikboden-Aufrichtekarton,310.0,240.0,150.0,1.3 B,14
01.S1,179 x 80 x 35 mm Musterbeutel,aus Feinwellpappe (20 kg),179.0,80.0,35.0,-,
01.S4,215 x 165 x 65 mm / 1.3 B,Musterbeutel,215.0,165.0,65.0,1.3 B,
01.S6,330 x 230 x 80 mm,Aufrichte-Stülpkarton aus,330.0,230.0,80.0,-,30
01.S6/BODEN,330 x 230 x 80 mm,Boden Aufrichte-Stülpkarton,330.0,230.0,80.0,-,
01.S6/DECKEL,330 x 230 x 80 mm,Deckel Aufrichte-Stülpkarton,330.0,230.0,80.0,-,
01.SCHUPA13,300 x 200 x 100 mm / 1.2 B,Schutzpack 13,300.0,200.0,100.0,1.2 B,109
01.SCHUPA13/HUELLE,300 x 200 x 100 mm / 1.2 B,Hülle für Schupa 13,300.0,200.0,100.0,1.2 B,
01.SCHUPA13/SCHIEBER,300 x 200 x 100 mm / 1.2 B,Schutzpack 13,300.0,200.0,100.0,1.2 B,
01.SCHUPA2,140 x 100 x 50 mm / 1.2 B,Schutzpack 2,140.0,100.0,50.0,1.2 B,109
01.SCHUPA5,200 x 142 x 62 mm / 1.2 B,Schutzpack 5,200.0,142.0,62.0,1.2 B,109
01.SCHUPA5/HUELLE,200 x 142 x 62 mm / 1.2 B,Hülle für Schupa 5,200.0,142.0,62.0,1.2 B,
01.SCHUPA5/SCHIEBER,200 x 142 x 62 mm / 1.2 B,Schieber für Schupa 5,200.0,142.0,62.0,1.2 B,
01.SCHUPA8,272 x 157 x 70 mm / 1.2 B,Schutzpack 8,272.0,157.0,70.0,1.2 B,109
01.SDK11,215 x 153 x 80 mm / 1.2 E,Stülpdeckel-Karton 2-teilig,215.0,153.0,80.0,1.2 E,14
01.SDK11/BODEN,215 x 153 x 80 mm / 1.2 E,Boden Stülpdeckelkarton,215.0,153.0,80.0,1.2 E,
01.SDK11/DECKEL,227 x 158 x 81 mm / 1.2 E,Deckel Stülpdeckelkarton,227.0,158.0,81.0,1.2 E,
01.SDK12,320 x 230 x 80 mm / 1.2 E,Stülpdeckelkarton 2-teilig,320.0,230.0,80.0,1.2 E,14
01.SDK12/BODEN,320 x 230 x 80 mm / 1.2 E,Boden Stülpdeckelkarton,320.0,230.0,80.0,1.2 E,
01.SDK12/DECKEL,332 x 235 x 81 mm / 1.2 E,Deckel Stülpdeckelkarton,332.0,235.0,81.0,1.2 E,
01.SDK13,375 x 265 x 45 mm / 1.2 E,Stülpdeckel-Karton 2-teilig,375.0,265.0,45.0,1.2 E,15
01.SDK13/BODEN,375 x 265 x 45 mm / 1.2 E,Boden Stülpdeckelkarton,375.0,265.0,45.0,1.2 E,
01.SDK13/DECKEL,387 x 270 x 46 mm / 1.2 E,Deckel Stülpdeckelkarton,387.0,270.0,46.0,1.2 E,
01.SDK14,425 x 302 x 50 mm / 1.2 E,Stülpdeckel-Karton 2-teilig,425.0,302.0,50.0,1.2 E,15
01.SDK14/BODEN,425 x 302 x 50 mm / 1.2 E,Boden Stülpdeckelkarton,425.0,302.0,50.0,1.2 E,
01.SDK14/DECKEL,437 x 307 x 51 mm / 1.2 E,Deckel Stülpdeckelkarton,437.0,307.0,51.0,1.2 E,
01.SDK15,425 x 302 x 80 mm / 1.2 E,Stülpdeckel-Karton 2-teilig,425.0,302.0,80.0,1.2 E,16
01.SDK15/BODEN,425 x 302 x 80 mm / 1.2 E,Boden Stülpdeckelkarton,425.0,302.0,80.0,1.2 E,
01.SDK15/DECKEL,437 x 307 x 81 mm / 1.2 E,Deckel Stülpdeckelkarton,437.0,307.0,81.0,1.2 E,
01.SDK16,600 x 420 x 80 mm / 1.3 B,Stülpdeckel-Karton 2-teilig,600.0,420.0,80.0,1.3 B,17
01.SDK16/BODEN,600 x 420 x 80 mm / 1.3 B,Boden Stülpdeckelkarton,600.0,420.0,80.0,1.3 B,
01.SDK16/DECKEL,618 x 426 x 83 mm / 1.3 B,Deckel Stülpdeckelkarton,618.0,426.0,83.0,1.3 B,
01.SM1,320 x 215 x 100 mm / 1.3 C,Wellpapp-Faltkarton,320.0,215.0,100.0,1.3 C,14
01.SM2,650 x 130 x 100 mm / 1.3 B,Wellpapp-Faltkarton,650.0,130.0,100.0,1.3 B,17
01.SM3,650 x 300 x 200 mm / 2.3 BC,Wellpapp-Faltkarton,650.0,300.0,200.0,2.3 BC,17
01.SM4,430 x 310 x 150 mm / 2.3 BC,Wellpapp-Faltkarton,430.0,310.0,150.0,2.3 BC,16
01.SM5,635 x 405 x 375 mm / 2.4 BC,Wellpapp-Faltkarton,635.0,405.0,375.0,2.4 BC,17
01.SPS1,385 x 285 x 340 mm / 2.3 BC,"Wellpapp-Faltkarton, geglued",385.0,285.0,340.0,2.3 BC,15
01.SPS2,585 x 385 x 370 mm / 2.4 BC,"Wellpapp-Faltkarton, geglued",585.0,385.0,370.0,2.4 BC,17
01.SPS3,385 x 385 x 370 mm / 2.4 BC,"Wellpapp-Faltkarton, geglued",385.0,385.0,370.0,2.4 BC,15
01.TB31,399 x 270 x 50 mm / 1.3 B,Stanzverpackung braun,399.0,270.0,50.0,1.3 B,42
01.TB311,390 x 280 x 70 mm / 1.3 B,Stanzverpackung braun,390.0,280.0,70.0,1.3 B,42
01.TB32,480 x 330 x 60 mm / 1.3 B,Stanzverpackung braun,480.0,330.0,60.0,1.3 B,42
01.TB322,480 x 350 x 95 mm / 1.3 B,Stanzverpackung braun,480.0,350.0,95.0,1.3 B,42
01.TB33,410 x 310 x 120 mm / 1.3 B,Stanzverpackung braun,410.0,310.0,120.0,1.3 B,42
01.TB34,540 x 360 x 135 mm / 1.3 B,Stanzverpackung braun .,540.0,360.0,135.0,1.3 B,42
01.TB35,500 x 400 x 150 mm / 1.3 B,Stanzverpackung braun,500.0,400.0,150.0,1.3 B,42
01.TELE,100 x 100 x 1800 mm,2 tlg. Teleskopverpackung,100.0,100.0,1800.0,-,
01.TK,Mehrweg-Transportkiste aus,Wellpappe / 2.4 BE,,,,-,31
01.TK DECKEL,485 x 330 x 40 mm / 1.4 E,Wellpapp-Stanzverpackung ,485.0,330.0,40.0,1.4 E,
01.UN1,175 x 155 x 213 mm,UN-Gefahrgutkarton,175.0,155.0,213.0,-,35
01.UN2,275 x 195 x 300 mm,UN-Gefahrgutkarton,275.0,195.0,300.0,-,35
01.UN3,325 x 245 x 300 mm,UN-Gefahrgutkarton,325.0,245.0,300.0,-,35
01.UN4,360 x 260 x 300 mm,UN-Gefahrgutkarton,360.0,260.0,300.0,-,35
01.UN5,430 x 310 x 300 mm,UN-Gefahrgutkarton,430.0,310.0,300.0,-,35
01.UN6,390 x 390 x 430 mm,UN-Gefahrgutkarton,390.0,390.0,430.0,-,35
01.UN7,570 x 370 x 430 mm,UN-Gefahrgutkarton,570.0,370.0,430.0,-,35
01.UN8,770 x 570 x 550 mm,UN-Gefahrgutkarton,770.0,570.0,550.0,-,35
01.UZ20,500 x 300 x 340 mm / 2.3 BE,Umzugskarton,500.0,300.0,340.0,2.3 BE,31
01.UZ3,650 x 350 x 370 mm / 2.4 EB,Umzugskarton,650.0,350.0,370.0,2.4 EB,31
01.W10131,315 x 180 x 130 mm / 1.3 C,Wellpapp-Faltkarton,315.0,180.0,130.0,1.3 C,14
01.W10132,320 x 195 x 160 mm / 1.3 B,Wellpapp-Faltkarton,320.0,195.0,160.0,1.3 B,14
01.W10133,340 x 210 x 160 mm / 1.3 C,Wellpapp-Faltkarton,340.0,210.0,160.0,1.3 C,15
01.W10134,460 x 300 x 220 mm / 1.3 C,Wellpapp-Faltkarton,460.0,300.0,220.0,1.3 C,16
01.W10235,450 x 370 x 280 mm / 2.3 BC,Wellpapp-Faltkarton,450.0,370.0,280.0,2.3 BC,16
01.W1702,419 x 308 x 112 mm / 1.2 B,"Klappdeckelkarton, außen weiß",419.0,308.0,112.0,1.2 B,26
01.XL,583 x 388 x 190 mm / 1.3 B,Automatikboden-Aufrichtekarton,583.0,388.0,190.0,1.3 B,16
01.XS,300 x 200 x 50 mm / 1.3 B,Automatikboden-Aufrichtekarton,300.0,200.0,50.0,1.3 B,14
01.XXL,580 x 380 x 280 mm / 2.2 BE,Automatikboden-Aufrichtekarton,580.0,380.0,280.0,2.2 BE,17
01.XXXL,580 x 380 x 370 mm / 2.2 BE,Automatikboden-Aufrichtekarton,580.0,380.0,370.0,2.2 BE,
01.Z,630 x 160 x 140 mm / 2.3 BC,Wellpapp-Faltkarton,630.0,160.0,140.0,2.3 BC,14
01.ZTV1,320 x 215 x 130 mm / 1.3 B,Wellpapp-Faltkarton,320.0,215.0,130.0,1.3 B,
01.ZTV2,386 x 320 x 175 mm / 2.3 BC,Wellpapp-Faltkarton,386.0,320.0,175.0,2.3 BC,
01.ZTV3,595 x 320 x 175 mm / 2.3 BC,Wellpapp-Faltkarton,595.0,320.0,175.0,2.3 BC,
01.ZUSCHNITT,773 x 1180 mm / 1.2 B,Wellpapp-Zuschnitt,773.0,,,1.2 B,34
01.ZUSCHNITT2,1200 x 800 mm / 2.2 BC,Wellpapp-Zuschnitt,1200.0,,,2.2 BC,34
